"Date","Source","Site ID","POC","Daily Max 1-hour SO2 Concentration","Units","Daily AQI Value","Local Site Name","Daily Obs Count","Percent Complete","AQS Parameter Code","AQS Parameter Description","Method Code","CBSA Code","CBSA Name","State FIPS Code","State","County FIPS Code","County","Site Latitude","Site Longitude"
"01/01/2023","AQS","320030540","1","0.6","ppb","0","Jerome Mack-NCore","22","92.0000","42401","Sulfur dioxide","600","29820","Las Vegas-Henderson-Paradise, NV","32","Nevada","003","Clark","36.141875","-115.078742"
"01/02/2023","AQS","320030540","1","0.5","ppb","0","Jerome Mack-NCore","24","100.0000","42401","Sulfur dioxide","600","29820","Las Vegas-Henderson-Paradise, NV","32","Nevada","003","Clark","36.141875","-115.078742"
"01/03/2023","AQS","320030540","1","0.9","ppb","0","Jerome Mack-NCore","24","100.0000","42401","Sulfur dioxide","600","29820","Las Vegas-Henderson-Paradise, NV","32","Nevada","003","Clark","36.141875","-115.078742"
"01/04/2023","AQS","320030540","1","1.8","ppb","1","Jerome Mack-NCore","24","100.0000","42401","Sulfur dioxide","600","29820","Las Vegas-Henderson-Paradise, NV","32","Nevada","003","Clark","36.141875","-115.078742"
"01/05/2023","AQS","320030540","1","1.2","ppb","1","Jerome Mack-NCore","24","100.0000","42401","Sulfur dioxide","600","29820","Las Vegas-Henderson-Paradise, NV","32","Nevada","003","Clark","36.141875","-115.078742"
"01/06/2023","AQS","320030540","1","1.5","ppb","1","Jerome Mack-NCore","24","100.0000","42401","Sulfur dioxide","600","29820","Las Vegas-Henderson-Paradise, NV","32","Nevada","003","Clark","36.141875","-115.078742"
"01/07/2023","AQS","320030540","1","2.3","ppb","3","Jerome Mack-NCore","24","100.0000","42401","Sulfur dioxide","600","29820","Las Vegas-Henderson-Paradise, NV","32","Nevada","003","Clark","36.141875","-115.078742"
"01/08/2023","AQS","320030540","1","2.1","ppb","3","Jerome Mack-NCore","22","92.0000","42401","Sulfur dioxide","600","29820","Las Vegas-Henderson-Paradise, NV","32","Nevada","003","Clark","36.141875","-115.078742"
"01/09/2023","AQS","320030540","1","1.9","ppb","1","Jerome Mack-NCore","24","100.0000","42401","Sulfur dioxide","600","29820","Las Vegas-Henderson-Paradise, NV","32","Nevada","003","Clark","36.141875","-115.078742"
"01/10/2023","AQS","320030540","1","1.3","ppb","1","Jerome Mack-NCore","24","100.0000","42401","Sulfur dioxide","600","29820","Las Vegas-Henderson-Paradise, NV","32","Nevada","003","Clark","36.141875","-115.078742"
"01/11/2023","AQS","320030540","1","1.7","ppb","1","Jerome Mack-NCore","24","100.0000","42401","Sulfur dioxide","600","29820","Las Vegas-Henderson-Paradise, NV","32","Nevada","003","Clark","36.141875","-115.078742"
"01/12/2023","AQS","320030540","1","3","ppb","4","Jerome Mack-NCore","24","100.0000","42401","Sulfur dioxide","600","29820","Las Vegas-Henderson-Paradise, NV","32","Nevada","003","Clark","36.141875","-115.078742"
"01/13/2023","AQS","320030540","1","3.3","ppb","4","Jerome Mack-NCore","24","100.0000","42401","Sulfur dioxide","600","29820","Las Vegas-Henderson-Paradise, NV","32","Nevada","003","Clark","36.141875","-115.078742"
"01/14/2023","AQS","320030540","1","2.4","ppb","3","Jerome Mack-NCore","24","100.0000","42401","Sulfur dioxide","600","29820","Las Vegas-Henderson-Paradise, NV","32","Nevada","003","Clark","36.141875","-115.078742"
"01/15/2023","AQS","320030540","1","0.6","ppb","0","Jerome Mack-NCore","22","92.0000","42401","Sulfur dioxide","600","29820","Las Vegas-Henderson-Paradise, NV","32","Nevada","003","Clark","36.141875","-115.078742"
"01/16/2023","AQS","320030540","1","0.7","ppb","0","Jerome Mack-NCore","24","100.0000","42401","Sulfur dioxide","600","29820","Las Vegas-Henderson-Paradise, NV","32","Nevada","003","Clark","36.141875","-115.078742"
"01/17/2023","AQS","320030540","1","0.6","ppb","0","Jerome Mack-NCore","19","79.0000","42401","Sulfur dioxide","600","29820","Las Vegas-Henderson-Paradise, NV","32","Nevada","003","Clark","36.141875","-115.078742"
"01/18/2023","AQS","320030540","1","0.8","ppb","0","Jerome Mack-NCore","24","100.0000","42401","Sulfur dioxide","600","29820","Las Vegas-Henderson-Paradise, NV","32","Nevada","003","Clark","36.141875","-115.078742"
"01/19/2023","AQS","320030540","1","2.3","ppb","3","Jerome Mack-NCore","24","100.0000","42401","Sulfur dioxide","600","29820","Las Vegas-Henderson-Paradise, NV","32","Nevada","003","Clark","36.141875","-115.078742"
"01/20/2023","AQS","320030540","1","0","ppb","0","Jerome Mack-NCore","24","100.0000","42401","Sulfur dioxide","600","29820","Las Vegas-Henderson-Paradise, NV","32","Nevada","003","Clark","36.141875","-115.078742"
"01/21/2023","AQS","320030540","1","1.9","ppb","1","Jerome Mack-NCore","24","100.0000","42401","Sulfur dioxide","600","29820","Las Vegas-Henderson-Paradise, NV","32","Nevada","003","Clark","36.141875","-115.078742"
"01/22/2023","AQS","320030540","1","1.7","ppb","1","Jerome Mack-NCore","22","92.0000","42401","Sulfur dioxide","600","29820","Las Vegas-Henderson-Paradise, NV","32","Nevada","003","Clark","36.141875","-115.078742"
"01/23/2023","AQS","320030540","1","0","ppb","0","Jerome Mack-NCore","24","100.0000","42401","Sulfur dioxide","600","29820","Las Vegas-Henderson-Paradise, NV","32","Nevada","003","Clark","36.141875","-115.078742"
"01/24/2023","AQS","320030540","1","0.3","ppb","0","Jerome Mack-NCore","24","100.0000","42401","Sulfur dioxide","600","29820","Las Vegas-Henderson-Paradise, NV","32","Nevada","003","Clark","36.141875","-115.078742"
"01/25/2023","AQS","320030540","1","1.3","ppb","1","Jerome Mack-NCore","24","100.0000","42401","Sulfur dioxide","600","29820","Las Vegas-Henderson-Paradise, NV","32","Nevada","003","Clark","36.141875","-115.078742"
"01/26/2023","AQS","320030540","1","1.3","ppb","1","Jerome Mack-NCore","22","92.0000","42401","Sulfur dioxide","600","29820","Las Vegas-Henderson-Paradise, NV","32","Nevada","003","Clark","36.141875","-115.078742"
"01/27/2023","AQS","320030540","1","2.5","ppb","3","Jerome Mack-NCore","24","100.0000","42401","Sulfur dioxide","600","29820","Las Vegas-Henderson-Paradise, NV","32","Nevada","003","Clark","36.141875","-115.078742"
"01/28/2023","AQS","320030540","1","1.8","ppb","1","Jerome Mack-NCore","24","100.0000","42401","Sulfur dioxide","600","29820","Las Vegas-Henderson-Paradise, NV","32","Nevada","003","Clark","36.141875","-115.078742"
"01/29/2023","AQS","320030540","1","2","ppb","3","Jerome Mack-NCore","22","92.0000","42401","Sulfur dioxide","600","29820","Las Vegas-Henderson-Paradise, NV","32","Nevada","003","Clark","36.141875","-115.078742"
"01/30/2023","AQS","320030540","1","0.3","ppb","0","Jerome Mack-NCore","24","100.0000","42401","Sulfur dioxide","600","29820","Las Vegas-Henderson-Paradise, NV","32","Nevada","003","Clark","36.141875","-115.078742"
"01/31/2023","AQS","320030540","1","0.4","ppb","0","Jerome Mack-NCore","24","100.0000","42401","Sulfur dioxide","600","29820","Las Vegas-Henderson-Paradise, NV","32","Nevada","003","Clark","36.141875","-115.078742"
"02/01/2023","AQS","320030540","1","2","ppb","3","Jerome Mack-NCore","24","100.0000","42401","Sulfur dioxide","600","29820","Las Vegas-Henderson-Paradise, NV","32","Nevada","003","Clark","36.141875","-115.078742"
"02/02/2023","AQS","320030540","1","2.8","ppb","3","Jerome Mack-NCore","24","100.0000","42401","Sulfur dioxide","600","29820","Las Vegas-Henderson-Paradise, NV","32","Nevada","003","Clark","36.141875","-115.078742"
"02/03/2023","AQS","320030540","1","3.1","ppb","4","Jerome Mack-NCore","24","100.0000","42401","Sulfur dioxide","600","29820","Las Vegas-Henderson-Paradise, NV","32","Nevada","003","Clark","36.141875","-115.078742"
"02/04/2023","AQS","320030540","1","2.4","ppb","3","Jerome Mack-NCore","24","100.0000","42401","Sulfur dioxide","600","29820","Las Vegas-Henderson-Paradise, NV","32","Nevada","003","Clark","36.141875","-115.078742"
"02/05/2023","AQS","320030540","1","2","ppb","3","Jerome Mack-NCore","22","92.0000","42401","Sulfur dioxide","600","29820","Las Vegas-Henderson-Paradise, NV","32","Nevada","003","Clark","36.141875","-115.078742"
"02/06/2023","AQS","320030540","1","0.3","ppb","0","Jerome Mack-NCore","24","100.0000","42401","Sulfur dioxide","600","29820","Las Vegas-Henderson-Paradise, NV","32","Nevada","003","Clark","36.141875","-115.078742"
"02/07/2023","AQS","320030540","1","1.3","ppb","1","Jerome Mack-NCore","24","100.0000","42401","Sulfur dioxide","600","29820","Las Vegas-Henderson-Paradise, NV","32","Nevada","003","Clark","36.141875","-115.078742"
"02/08/2023","AQS","320030540","1","2.2","ppb","3","Jerome Mack-NCore","24","100.0000","42401","Sulfur dioxide","600","29820","Las Vegas-Henderson-Paradise, NV","32","Nevada","003","Clark","36.141875","-115.078742"
"02/09/2023","AQS","320030540","1","1.2","ppb","1","Jerome Mack-NCore","24","100.0000","42401","Sulfur dioxide","600","29820","Las Vegas-Henderson-Paradise, NV","32","Nevada","003","Clark","36.141875","-115.078742"
"02/10/2023","AQS","320030540","1","2.8","ppb","3","Jerome Mack-NCore","24","100.0000","42401","Sulfur dioxide","600","29820","Las Vegas-Henderson-Paradise, NV","32","Nevada","003","Clark","36.141875","-115.078742"
"02/11/2023","AQS","320030540","1","2.4","ppb","3","Jerome Mack-NCore","24","100.0000","42401","Sulfur dioxide","600","29820","Las Vegas-Henderson-Paradise, NV","32","Nevada","003","Clark","36.141875","-115.078742"
"02/12/2023","AQS","320030540","1","1.4","ppb","1","Jerome Mack-NCore","22","92.0000","42401","Sulfur dioxide","600","29820","Las Vegas-Henderson-Paradise, NV","32","Nevada","003","Clark","36.141875","-115.078742"
"02/15/2023","AQS","320030540","1","0","ppb","0","Jerome Mack-NCore","24","100.0000","42401","Sulfur dioxide","600","29820","Las Vegas-Henderson-Paradise, NV","32","Nevada","003","Clark","36.141875","-115.078742"
"02/16/2023","AQS","320030540","1","0.4","ppb","0","Jerome Mack-NCore","22","92.0000","42401","Sulfur dioxide","600","29820","Las Vegas-Henderson-Paradise, NV","32","Nevada","003","Clark","36.141875","-115.078742"
"02/17/2023","AQS","320030540","1","1.9","ppb","1","Jerome Mack-NCore","24","100.0000","42401","Sulfur dioxide","600","29820","Las Vegas-Henderson-Paradise, NV","32","Nevada","003","Clark","36.141875","-115.078742"
"02/18/2023","AQS","320030540","1","1.5","ppb","1","Jerome Mack-NCore","24","100.0000","42401","Sulfur dioxide","600","29820","Las Vegas-Henderson-Paradise, NV","32","Nevada","003","Clark","36.141875","-115.078742"
"02/19/2023","AQS","320030540","1","1.8","ppb","1","Jerome Mack-NCore","22","92.0000","42401","Sulfur dioxide","600","29820","Las Vegas-Henderson-Paradise, NV","32","Nevada","003","Clark","36.141875","-115.078742"
"02/20/2023","AQS","320030540","1","1.8","ppb","1","Jerome Mack-NCore","24","100.0000","42401","Sulfur dioxide","600","29820","Las Vegas-Henderson-Paradise, NV","32","Nevada","003","Clark","36.141875","-115.078742"
"02/21/2023","AQS","320030540","1","2.4","ppb","3","Jerome Mack-NCore","24","100.0000","42401","Sulfur dioxide","600","29820","Las Vegas-Henderson-Paradise, NV","32","Nevada","003","Clark","36.141875","-115.078742"
"02/22/2023","AQS","320030540","1","0.4","ppb","0","Jerome Mack-NCore","24","100.0000","42401","Sulfur dioxide","600","29820","Las Vegas-Henderson-Paradise, NV","32","Nevada","003","Clark","36.141875","-115.078742"
"02/23/2023","AQS","320030540","1","0.2","ppb","0","Jerome Mack-NCore","24","100.0000","42401","Sulfur dioxide","600","29820","Las Vegas-Henderson-Paradise, NV","32","Nevada","003","Clark","36.141875","-115.078742"
"02/24/2023","AQS","320030540","1","0.3","ppb","0","Jerome Mack-NCore","24","100.0000","42401","Sulfur dioxide","600","29820","Las Vegas-Henderson-Paradise, NV","32","Nevada","003","Clark","36.141875","-115.078742"
"02/25/2023","AQS","320030540","1","0.4","ppb","0","Jerome Mack-NCore","24","100.0000","42401","Sulfur dioxide","600","29820","Las Vegas-Henderson-Paradise, NV","32","Nevada","003","Clark","36.141875","-115.078742"
"02/26/2023","AQS","320030540","1","0.2","ppb","0","Jerome Mack-NCore","22","92.0000","42401","Sulfur dioxide","600","29820","Las Vegas-Henderson-Paradise, NV","32","Nevada","003","Clark","36.141875","-115.078742"
"02/27/2023","AQS","320030540","1","0.3","ppb","0","Jerome Mack-NCore","24","100.0000","42401","Sulfur dioxide","600","29820","Las Vegas-Henderson-Paradise, NV","32","Nevada","003","Clark","36.141875","-115.078742"
"02/28/2023","AQS","320030540","1","0.3","ppb","0","Jerome Mack-NCore","24","100.0000","42401","Sulfur dioxide","600","29820","Las Vegas-Henderson-Paradise, NV","32","Nevada","003","Clark","36.141875","-115.078742"
"03/01/2023","AQS","320030540","1","0.3","ppb","0","Jerome Mack-NCore","24","100.0000","42401","Sulfur dioxide","600","29820","Las Vegas-Henderson-Paradise, NV","32","Nevada","003","Clark","36.141875","-115.078742"
"03/02/2023","AQS","320030540","1","0.5","ppb","0","Jerome Mack-NCore","24","100.0000","42401","Sulfur dioxide","600","29820","Las Vegas-Henderson-Paradise, NV","32","Nevada","003","Clark","36.141875","-115.078742"
"03/03/2023","AQS","320030540","1","1.1","ppb","1","Jerome Mack-NCore","24","100.0000","42401","Sulfur dioxide","600","29820","Las Vegas-Henderson-Paradise, NV","32","Nevada","003","Clark","36.141875","-115.078742"
"03/04/2023","AQS","320030540","1","1.3","ppb","1","Jerome Mack-NCore","24","100.0000","42401","Sulfur dioxide","600","29820","Las Vegas-Henderson-Paradise, NV","32","Nevada","003","Clark","36.141875","-115.078742"
"03/05/2023","AQS","320030540","1","0.2","ppb","0","Jerome Mack-NCore","22","92.0000","42401","Sulfur dioxide","600","29820","Las Vegas-Henderson-Paradise, NV","32","Nevada","003","Clark","36.141875","-115.078742"
"03/06/2023","AQS","320030540","1","0.2","ppb","0","Jerome Mack-NCore","24","100.0000","42401","Sulfur dioxide","600","29820","Las Vegas-Henderson-Paradise, NV","32","Nevada","003","Clark","36.141875","-115.078742"
"03/07/2023","AQS","320030540","1","0.8","ppb","0","Jerome Mack-NCore","22","92.0000","42401","Sulfur dioxide","600","29820","Las Vegas-Henderson-Paradise, NV","32","Nevada","003","Clark","36.141875","-115.078742"
"03/08/2023","AQS","320030540","1","1.4","ppb","1","Jerome Mack-NCore","24","100.0000","42401","Sulfur dioxide","600","29820","Las Vegas-Henderson-Paradise, NV","32","Nevada","003","Clark","36.141875","-115.078742"
"03/09/2023","AQS","320030540","1","0.9","ppb","0","Jerome Mack-NCore","24","100.0000","42401","Sulfur dioxide","600","29820","Las Vegas-Henderson-Paradise, NV","32","Nevada","003","Clark","36.141875","-115.078742"
"03/10/2023","AQS","320030540","1","0.2","ppb","0","Jerome Mack-NCore","24","100.0000","42401","Sulfur dioxide","600","29820","Las Vegas-Henderson-Paradise, NV","32","Nevada","003","Clark","36.141875","-115.078742"
"03/11/2023","AQS","320030540","1","0.2","ppb","0","Jerome Mack-NCore","24","100.0000","42401","Sulfur dioxide","600","29820","Las Vegas-Henderson-Paradise, NV","32","Nevada","003","Clark","36.141875","-115.078742"
"03/12/2023","AQS","320030540","1","0.4","ppb","0","Jerome Mack-NCore","22","92.0000","42401","Sulfur dioxide","600","29820","Las Vegas-Henderson-Paradise, NV","32","Nevada","003","Clark","36.141875","-115.078742"
"03/13/2023","AQS","320030540","1","1","ppb","1","Jerome Mack-NCore","24","100.0000","42401","Sulfur dioxide","600","29820","Las Vegas-Henderson-Paradise, NV","32","Nevada","003","Clark","36.141875","-115.078742"
"03/14/2023","AQS","320030540","1","0.2","ppb","0","Jerome Mack-NCore","24","100.0000","42401","Sulfur dioxide","600","29820","Las Vegas-Henderson-Paradise, NV","32","Nevada","003","Clark","36.141875","-115.078742"
"03/15/2023","AQS","320030540","1","0.3","ppb","0","Jerome Mack-NCore","23","96.0000","42401","Sulfur dioxide","600","29820","Las Vegas-Henderson-Paradise, NV","32","Nevada","003","Clark","36.141875","-115.078742"
"03/16/2023","AQS","320030540","1","0.3","ppb","0","Jerome Mack-NCore","24","100.0000","42401","Sulfur dioxide","600","29820","Las Vegas-Henderson-Paradise, NV","32","Nevada","003","Clark","36.141875","-115.078742"
"03/17/2023","AQS","320030540","1","0.5","ppb","0","Jerome Mack-NCore","24","100.0000","42401","Sulfur dioxide","600","29820","Las Vegas-Henderson-Paradise, NV","32","Nevada","003","Clark","36.141875","-115.078742"
"03/18/2023","AQS","320030540","1","0.4","ppb","0","Jerome Mack-NCore","24","100.0000","42401","Sulfur dioxide","600","29820","Las Vegas-Henderson-Paradise, NV","32","Nevada","003","Clark","36.141875","-115.078742"
"03/19/2023","AQS","320030540","1","0.6","ppb","0","Jerome Mack-NCore","22","92.0000","42401","Sulfur dioxide","600","29820","Las Vegas-Henderson-Paradise, NV","32","Nevada","003","Clark","36.141875","-115.078742"
"03/20/2023","AQS","320030540","1","0.5","ppb","0","Jerome Mack-NCore","24","100.0000","42401","Sulfur dioxide","600","29820","Las Vegas-Henderson-Paradise, NV","32","Nevada","003","Clark","36.141875","-115.078742"
"03/21/2023","AQS","320030540","1","0.3","ppb","0","Jerome Mack-NCore","24","100.0000","42401","Sulfur dioxide","600","29820","Las Vegas-Henderson-Paradise, NV","32","Nevada","003","Clark","36.141875","-115.078742"
"03/22/2023","AQS","320030540","1","0.3","ppb","0","Jerome Mack-NCore","24","100.0000","42401","Sulfur dioxide","600","29820","Las Vegas-Henderson-Paradise, NV","32","Nevada","003","Clark","36.141875","-115.078742"
"03/23/2023","AQS","320030540","1","0.6","ppb","0","Jerome Mack-NCore","24","100.0000","42401","Sulfur dioxide","600","29820","Las Vegas-Henderson-Paradise, NV","32","Nevada","003","Clark","36.141875","-115.078742"
"03/24/2023","AQS","320030540","1","0.3","ppb","0","Jerome Mack-NCore","24","100.0000","42401","Sulfur dioxide","600","29820","Las Vegas-Henderson-Paradise, NV","32","Nevada","003","Clark","36.141875","-115.078742"
"03/25/2023","AQS","320030540","1","0.4","ppb","0","Jerome Mack-NCore","24","100.0000","42401","Sulfur dioxide","600","29820","Las Vegas-Henderson-Paradise, NV","32","Nevada","003","Clark","36.141875","-115.078742"
"03/26/2023","AQS","320030540","1","0.4","ppb","0","Jerome Mack-NCore","22","92.0000","42401","Sulfur dioxide","600","29820","Las Vegas-Henderson-Paradise, NV","32","Nevada","003","Clark","36.141875","-115.078742"
"03/27/2023","AQS","320030540","1","0.5","ppb","0","Jerome Mack-NCore","24","100.0000","42401","Sulfur dioxide","600","29820","Las Vegas-Henderson-Paradise, NV","32","Nevada","003","Clark","36.141875","-115.078742"
"03/28/2023","AQS","320030540","1","1.5","ppb","1","Jerome Mack-NCore","24","100.0000","42401","Sulfur dioxide","600","29820","Las Vegas-Henderson-Paradise, NV","32","Nevada","003","Clark","36.141875","-115.078742"
"03/29/2023","AQS","320030540","1","0.3","ppb","0","Jerome Mack-NCore","24","100.0000","42401","Sulfur dioxide","600","29820","Las Vegas-Henderson-Paradise, NV","32","Nevada","003","Clark","36.141875","-115.078742"
"03/30/2023","AQS","320030540","1","0.6","ppb","0","Jerome Mack-NCore","24","100.0000","42401","Sulfur dioxide","600","29820","Las Vegas-Henderson-Paradise, NV","32","Nevada","003","Clark","36.141875","-115.078742"
"03/31/2023","AQS","320030540","1","1.4","ppb","1","Jerome Mack-NCore","24","100.0000","42401","Sulfur dioxide","600","29820","Las Vegas-Henderson-Paradise, NV","32","Nevada","003","Clark","36.141875","-115.078742"
"04/01/2023","AQS","320030540","1","1.8","ppb","1","Jerome Mack-NCore","24","100.0000","42401","Sulfur dioxide","600","29820","Las Vegas-Henderson-Paradise, NV","32","Nevada","003","Clark","36.141875","-115.078742"
"04/02/2023","AQS","320030540","1","0.6","ppb","0","Jerome Mack-NCore","22","92.0000","42401","Sulfur dioxide","600","29820","Las Vegas-Henderson-Paradise, NV","32","Nevada","003","Clark","36.141875","-115.078742"
"04/03/2023","AQS","320030540","1","0.6","ppb","0","Jerome Mack-NCore","24","100.0000","42401","Sulfur dioxide","600","29820","Las Vegas-Henderson-Paradise, NV","32","Nevada","003","Clark","36.141875","-115.078742"
"04/04/2023","AQS","320030540","1","0.5","ppb","0","Jerome Mack-NCore","24","100.0000","42401","Sulfur dioxide","600","29820","Las Vegas-Henderson-Paradise, NV","32","Nevada","003","Clark","36.141875","-115.078742"
"04/05/2023","AQS","320030540","1","0.5","ppb","0","Jerome Mack-NCore","24","100.0000","42401","Sulfur dioxide","600","29820","Las Vegas-Henderson-Paradise, NV","32","Nevada","003","Clark","36.141875","-115.078742"
"04/06/2023","AQS","320030540","1","0.6","ppb","0","Jerome Mack-NCore","24","100.0000","42401","Sulfur dioxide","600","29820","Las Vegas-Henderson-Paradise, NV","32","Nevada","003","Clark","36.141875","-115.078742"
"04/07/2023","AQS","320030540","1","1.3","ppb","1","Jerome Mack-NCore","24","100.0000","42401","Sulfur dioxide","600","29820","Las Vegas-Henderson-Paradise, NV","32","Nevada","003","Clark","36.141875","-115.078742"
"04/08/2023","AQS","320030540","1","0.8","ppb","0","Jerome Mack-NCore","24","100.0000","42401","Sulfur dioxide","600","29820","Las Vegas-Henderson-Paradise, NV","32","Nevada","003","Clark","36.141875","-115.078742"
"04/09/2023","AQS","320030540","1","1.3","ppb","1","Jerome Mack-NCore","22","92.0000","42401","Sulfur dioxide","600","29820","Las Vegas-Henderson-Paradise, NV","32","Nevada","003","Clark","36.141875","-115.078742"
"04/10/2023","AQS","320030540","1","1.5","ppb","1","Jerome Mack-NCore","24","100.0000","42401","Sulfur dioxide","600","29820","Las Vegas-Henderson-Paradise, NV","32","Nevada","003","Clark","36.141875","-115.078742"
"04/11/2023","AQS","320030540","1","2","ppb","3","Jerome Mack-NCore","24","100.0000","42401","Sulfur dioxide","600","29820","Las Vegas-Henderson-Paradise, NV","32","Nevada","003","Clark","36.141875","-115.078742"
"04/12/2023","AQS","320030540","1","0.5","ppb","0","Jerome Mack-NCore","24","100.0000","42401","Sulfur dioxide","600","29820","Las Vegas-Henderson-Paradise, NV","32","Nevada","003","Clark","36.141875","-115.078742"
"04/13/2023","AQS","320030540","1","0.5","ppb","0","Jerome Mack-NCore","24","100.0000","42401","Sulfur dioxide","600","29820","Las Vegas-Henderson-Paradise, NV","32","Nevada","003","Clark","36.141875","-115.078742"
"04/14/2023","AQS","320030540","1","0.6","ppb","0","Jerome Mack-NCore","24","100.0000","42401","Sulfur dioxide","600","29820","Las Vegas-Henderson-Paradise, NV","32","Nevada","003","Clark","36.141875","-115.078742"
"04/15/2023","AQS","320030540","1","0.7","ppb","0","Jerome Mack-NCore","24","100.0000","42401","Sulfur dioxide","600","29820","Las Vegas-Henderson-Paradise, NV","32","Nevada","003","Clark","36.141875","-115.078742"
"04/16/2023","AQS","320030540","1","0.8","ppb","0","Jerome Mack-NCore","22","92.0000","42401","Sulfur dioxide","600","29820","Las Vegas-Henderson-Paradise, NV","32","Nevada","003","Clark","36.141875","-115.078742"
"04/17/2023","AQS","320030540","1","0.4","ppb","0","Jerome Mack-NCore","24","100.0000","42401","Sulfur dioxide","600","29820","Las Vegas-Henderson-Paradise, NV","32","Nevada","003","Clark","36.141875","-115.078742"
"04/18/2023","AQS","320030540","1","0.5","ppb","0","Jerome Mack-NCore","24","100.0000","42401","Sulfur dioxide","600","29820","Las Vegas-Henderson-Paradise, NV","32","Nevada","003","Clark","36.141875","-115.078742"
"04/19/2023","AQS","320030540","1","0.9","ppb","0","Jerome Mack-NCore","24","100.0000","42401","Sulfur dioxide","600","29820","Las Vegas-Henderson-Paradise, NV","32","Nevada","003","Clark","36.141875","-115.078742"
"04/20/2023","AQS","320030540","1","1.2","ppb","1","Jerome Mack-NCore","24","100.0000","42401","Sulfur dioxide","600","29820","Las Vegas-Henderson-Paradise, NV","32","Nevada","003","Clark","36.141875","-115.078742"
"04/21/2023","AQS","320030540","1","0.9","ppb","0","Jerome Mack-NCore","24","100.0000","42401","Sulfur dioxide","600","29820","Las Vegas-Henderson-Paradise, NV","32","Nevada","003","Clark","36.141875","-115.078742"
"04/22/2023","AQS","320030540","1","1.1","ppb","1","Jerome Mack-NCore","24","100.0000","42401","Sulfur dioxide","600","29820","Las Vegas-Henderson-Paradise, NV","32","Nevada","003","Clark","36.141875","-115.078742"
"04/23/2023","AQS","320030540","1","1","ppb","1","Jerome Mack-NCore","22","92.0000","42401","Sulfur dioxide","600","29820","Las Vegas-Henderson-Paradise, NV","32","Nevada","003","Clark","36.141875","-115.078742"
"04/24/2023","AQS","320030540","1","0.9","ppb","0","Jerome Mack-NCore","24","100.0000","42401","Sulfur dioxide","600","29820","Las Vegas-Henderson-Paradise, NV","32","Nevada","003","Clark","36.141875","-115.078742"
"04/25/2023","AQS","320030540","1","0.4","ppb","0","Jerome Mack-NCore","24","100.0000","42401","Sulfur dioxide","600","29820","Las Vegas-Henderson-Paradise, NV","32","Nevada","003","Clark","36.141875","-115.078742"
"04/26/2023","AQS","320030540","1","0.5","ppb","0","Jerome Mack-NCore","24","100.0000","42401","Sulfur dioxide","600","29820","Las Vegas-Henderson-Paradise, NV","32","Nevada","003","Clark","36.141875","-115.078742"
"04/27/2023","AQS","320030540","1","0.9","ppb","0","Jerome Mack-NCore","24","100.0000","42401","Sulfur dioxide","600","29820","Las Vegas-Henderson-Paradise, NV","32","Nevada","003","Clark","36.141875","-115.078742"
"04/28/2023","AQS","320030540","1","1","ppb","1","Jerome Mack-NCore","24","100.0000","42401","Sulfur dioxide","600","29820","Las Vegas-Henderson-Paradise, NV","32","Nevada","003","Clark","36.141875","-115.078742"
"04/29/2023","AQS","320030540","1","1.7","ppb","1","Jerome Mack-NCore","24","100.0000","42401","Sulfur dioxide","600","29820","Las Vegas-Henderson-Paradise, NV","32","Nevada","003","Clark","36.141875","-115.078742"
"04/30/2023","AQS","320030540","1","0.7","ppb","0","Jerome Mack-NCore","22","92.0000","42401","Sulfur dioxide","600","29820","Las Vegas-Henderson-Paradise, NV","32","Nevada","003","Clark","36.141875","-115.078742"
"05/01/2023","AQS","320030540","1","0.4","ppb","0","Jerome Mack-NCore","24","100.0000","42401","Sulfur dioxide","600","29820","Las Vegas-Henderson-Paradise, NV","32","Nevada","003","Clark","36.141875","-115.078742"
"05/02/2023","AQS","320030540","1","0.4","ppb","0","Jerome Mack-NCore","24","100.0000","42401","Sulfur dioxide","600","29820","Las Vegas-Henderson-Paradise, NV","32","Nevada","003","Clark","36.141875","-115.078742"
"05/03/2023","AQS","320030540","1","0.6","ppb","0","Jerome Mack-NCore","24","100.0000","42401","Sulfur dioxide","600","29820","Las Vegas-Henderson-Paradise, NV","32","Nevada","003","Clark","36.141875","-115.078742"
"05/04/2023","AQS","320030540","1","0.4","ppb","0","Jerome Mack-NCore","24","100.0000","42401","Sulfur dioxide","600","29820","Las Vegas-Henderson-Paradise, NV","32","Nevada","003","Clark","36.141875","-115.078742"
"05/05/2023","AQS","320030540","1","0.5","ppb","0","Jerome Mack-NCore","24","100.0000","42401","Sulfur dioxide","600","29820","Las Vegas-Henderson-Paradise, NV","32","Nevada","003","Clark","36.141875","-115.078742"
"05/06/2023","AQS","320030540","1","0.3","ppb","0","Jerome Mack-NCore","24","100.0000","42401","Sulfur dioxide","600","29820","Las Vegas-Henderson-Paradise, NV","32","Nevada","003","Clark","36.141875","-115.078742"
"05/07/2023","AQS","320030540","1","0.5","ppb","0","Jerome Mack-NCore","22","92.0000","42401","Sulfur dioxide","600","29820","Las Vegas-Henderson-Paradise, NV","32","Nevada","003","Clark","36.141875","-115.078742"
"05/08/2023","AQS","320030540","1","0.5","ppb","0","Jerome Mack-NCore","24","100.0000","42401","Sulfur dioxide","600","29820","Las Vegas-Henderson-Paradise, NV","32","Nevada","003","Clark","36.141875","-115.078742"
"05/09/2023","AQS","320030540","1","0.4","ppb","0","Jerome Mack-NCore","24","100.0000","42401","Sulfur dioxide","600","29820","Las Vegas-Henderson-Paradise, NV","32","Nevada","003","Clark","36.141875","-115.078742"
"05/10/2023","AQS","320030540","1","0.5","ppb","0","Jerome Mack-NCore","24","100.0000","42401","Sulfur dioxide","600","29820","Las Vegas-Henderson-Paradise, NV","32","Nevada","003","Clark","36.141875","-115.078742"
"05/11/2023","AQS","320030540","1","0.9","ppb","0","Jerome Mack-NCore","24","100.0000","42401","Sulfur dioxide","600","29820","Las Vegas-Henderson-Paradise, NV","32","Nevada","003","Clark","36.141875","-115.078742"
"05/12/2023","AQS","320030540","1","0.8","ppb","0","Jerome Mack-NCore","24","100.0000","42401","Sulfur dioxide","600","29820","Las Vegas-Henderson-Paradise, NV","32","Nevada","003","Clark","36.141875","-115.078742"
"05/13/2023","AQS","320030540","1","0.3","ppb","0","Jerome Mack-NCore","24","100.0000","42401","Sulfur dioxide","600","29820","Las Vegas-Henderson-Paradise, NV","32","Nevada","003","Clark","36.141875","-115.078742"
"05/14/2023","AQS","320030540","1","0.4","ppb","0","Jerome Mack-NCore","22","92.0000","42401","Sulfur dioxide","600","29820","Las Vegas-Henderson-Paradise, NV","32","Nevada","003","Clark","36.141875","-115.078742"
"05/15/2023","AQS","320030540","1","0.4","ppb","0","Jerome Mack-NCore","24","100.0000","42401","Sulfur dioxide","600","29820","Las Vegas-Henderson-Paradise, NV","32","Nevada","003","Clark","36.141875","-115.078742"
"05/16/2023","AQS","320030540","1","0.6","ppb","0","Jerome Mack-NCore","24","100.0000","42401","Sulfur dioxide","600","29820","Las Vegas-Henderson-Paradise, NV","32","Nevada","003","Clark","36.141875","-115.078742"
"05/17/2023","AQS","320030540","1","0.5","ppb","0","Jerome Mack-NCore","24","100.0000","42401","Sulfur dioxide","600","29820","Las Vegas-Henderson-Paradise, NV","32","Nevada","003","Clark","36.141875","-115.078742"
"05/18/2023","AQS","320030540","1","0.5","ppb","0","Jerome Mack-NCore","24","100.0000","42401","Sulfur dioxide","600","29820","Las Vegas-Henderson-Paradise, NV","32","Nevada","003","Clark","36.141875","-115.078742"
"05/19/2023","AQS","320030540","1","0.5","ppb","0","Jerome Mack-NCore","24","100.0000","42401","Sulfur dioxide","600","29820","Las Vegas-Henderson-Paradise, NV","32","Nevada","003","Clark","36.141875","-115.078742"
"05/20/2023","AQS","320030540","1","0.4","ppb","0","Jerome Mack-NCore","24","100.0000","42401","Sulfur dioxide","600","29820","Las Vegas-Henderson-Paradise, NV","32","Nevada","003","Clark","36.141875","-115.078742"
"05/21/2023","AQS","320030540","1","0.9","ppb","0","Jerome Mack-NCore","22","92.0000","42401","Sulfur dioxide","600","29820","Las Vegas-Henderson-Paradise, NV","32","Nevada","003","Clark","36.141875","-115.078742"
"05/22/2023","AQS","320030540","1","0.7","ppb","0","Jerome Mack-NCore","24","100.0000","42401","Sulfur dioxide","600","29820","Las Vegas-Henderson-Paradise, NV","32","Nevada","003","Clark","36.141875","-115.078742"
"05/23/2023","AQS","320030540","1","0.5","ppb","0","Jerome Mack-NCore","24","100.0000","42401","Sulfur dioxide","600","29820","Las Vegas-Henderson-Paradise, NV","32","Nevada","003","Clark","36.141875","-115.078742"
"05/24/2023","AQS","320030540","1","0.4","ppb","0","Jerome Mack-NCore","24","100.0000","42401","Sulfur dioxide","600","29820","Las Vegas-Henderson-Paradise, NV","32","Nevada","003","Clark","36.141875","-115.078742"
"05/25/2023","AQS","320030540","1","0.4","ppb","0","Jerome Mack-NCore","24","100.0000","42401","Sulfur dioxide","600","29820","Las Vegas-Henderson-Paradise, NV","32","Nevada","003","Clark","36.141875","-115.078742"
"05/26/2023","AQS","320030540","1","0.6","ppb","0","Jerome Mack-NCore","24","100.0000","42401","Sulfur dioxide","600","29820","Las Vegas-Henderson-Paradise, NV","32","Nevada","003","Clark","36.141875","-115.078742"
"05/27/2023","AQS","320030540","1","0.7","ppb","0","Jerome Mack-NCore","24","100.0000","42401","Sulfur dioxide","600","29820","Las Vegas-Henderson-Paradise, NV","32","Nevada","003","Clark","36.141875","-115.078742"
"05/28/2023","AQS","320030540","1","0.5","ppb","0","Jerome Mack-NCore","22","92.0000","42401","Sulfur dioxide","600","29820","Las Vegas-Henderson-Paradise, NV","32","Nevada","003","Clark","36.141875","-115.078742"
"05/29/2023","AQS","320030540","1","0.5","ppb","0","Jerome Mack-NCore","24","100.0000","42401","Sulfur dioxide","600","29820","Las Vegas-Henderson-Paradise, NV","32","Nevada","003","Clark","36.141875","-115.078742"
"05/30/2023","AQS","320030540","1","1.3","ppb","1","Jerome Mack-NCore","24","100.0000","42401","Sulfur dioxide","600","29820","Las Vegas-Henderson-Paradise, NV","32","Nevada","003","Clark","36.141875","-115.078742"
"05/31/2023","AQS","320030540","1","0.8","ppb","0","Jerome Mack-NCore","24","100.0000","42401","Sulfur dioxide","600","29820","Las Vegas-Henderson-Paradise, NV","32","Nevada","003","Clark","36.141875","-115.078742"
"06/01/2023","AQS","320030540","1","0.6","ppb","0","Jerome Mack-NCore","24","100.0000","42401","Sulfur dioxide","600","29820","Las Vegas-Henderson-Paradise, NV","32","Nevada","003","Clark","36.141875","-115.078742"
"06/02/2023","AQS","320030540","1","0.8","ppb","0","Jerome Mack-NCore","24","100.0000","42401","Sulfur dioxide","600","29820","Las Vegas-Henderson-Paradise, NV","32","Nevada","003","Clark","36.141875","-115.078742"
"06/03/2023","AQS","320030540","1","0.7","ppb","0","Jerome Mack-NCore","24","100.0000","42401","Sulfur dioxide","600","29820","Las Vegas-Henderson-Paradise, NV","32","Nevada","003","Clark","36.141875","-115.078742"
"06/04/2023","AQS","320030540","1","0.6","ppb","0","Jerome Mack-NCore","22","92.0000","42401","Sulfur dioxide","600","29820","Las Vegas-Henderson-Paradise, NV","32","Nevada","003","Clark","36.141875","-115.078742"
"06/05/2023","AQS","320030540","1","0.6","ppb","0","Jerome Mack-NCore","24","100.0000","42401","Sulfur dioxide","600","29820","Las Vegas-Henderson-Paradise, NV","32","Nevada","003","Clark","36.141875","-115.078742"
"06/06/2023","AQS","320030540","1","0.6","ppb","0","Jerome Mack-NCore","24","100.0000","42401","Sulfur dioxide","600","29820","Las Vegas-Henderson-Paradise, NV","32","Nevada","003","Clark","36.141875","-115.078742"
"06/07/2023","AQS","320030540","1","0.5","ppb","0","Jerome Mack-NCore","22","92.0000","42401","Sulfur dioxide","600","29820","Las Vegas-Henderson-Paradise, NV","32","Nevada","003","Clark","36.141875","-115.078742"
"06/08/2023","AQS","320030540","1","0.9","ppb","0","Jerome Mack-NCore","24","100.0000","42401","Sulfur dioxide","600","29820","Las Vegas-Henderson-Paradise, NV","32","Nevada","003","Clark","36.141875","-115.078742"
"06/09/2023","AQS","320030540","1","0.6","ppb","0","Jerome Mack-NCore","24","100.0000","42401","Sulfur dioxide","600","29820","Las Vegas-Henderson-Paradise, NV","32","Nevada","003","Clark","36.141875","-115.078742"
"06/10/2023","AQS","320030540","1","0.6","ppb","0","Jerome Mack-NCore","24","100.0000","42401","Sulfur dioxide","600","29820","Las Vegas-Henderson-Paradise, NV","32","Nevada","003","Clark","36.141875","-115.078742"
"06/11/2023","AQS","320030540","1","0.5","ppb","0","Jerome Mack-NCore","22","92.0000","42401","Sulfur dioxide","600","29820","Las Vegas-Henderson-Paradise, NV","32","Nevada","003","Clark","36.141875","-115.078742"
"06/12/2023","AQS","320030540","1","0.4","ppb","0","Jerome Mack-NCore","24","100.0000","42401","Sulfur dioxide","600","29820","Las Vegas-Henderson-Paradise, NV","32","Nevada","003","Clark","36.141875","-115.078742"
"06/13/2023","AQS","320030540","1","0.7","ppb","0","Jerome Mack-NCore","24","100.0000","42401","Sulfur dioxide","600","29820","Las Vegas-Henderson-Paradise, NV","32","Nevada","003","Clark","36.141875","-115.078742"
"06/14/2023","AQS","320030540","1","0.6","ppb","0","Jerome Mack-NCore","24","100.0000","42401","Sulfur dioxide","600","29820","Las Vegas-Henderson-Paradise, NV","32","Nevada","003","Clark","36.141875","-115.078742"
"06/15/2023","AQS","320030540","1","0.6","ppb","0","Jerome Mack-NCore","24","100.0000","42401","Sulfur dioxide","600","29820","Las Vegas-Henderson-Paradise, NV","32","Nevada","003","Clark","36.141875","-115.078742"
"06/16/2023","AQS","320030540","1","0.6","ppb","0","Jerome Mack-NCore","24","100.0000","42401","Sulfur dioxide","600","29820","Las Vegas-Henderson-Paradise, NV","32","Nevada","003","Clark","36.141875","-115.078742"
"06/17/2023","AQS","320030540","1","0.7","ppb","0","Jerome Mack-NCore","24","100.0000","42401","Sulfur dioxide","600","29820","Las Vegas-Henderson-Paradise, NV","32","Nevada","003","Clark","36.141875","-115.078742"
"06/18/2023","AQS","320030540","1","0.6","ppb","0","Jerome Mack-NCore","22","92.0000","42401","Sulfur dioxide","600","29820","Las Vegas-Henderson-Paradise, NV","32","Nevada","003","Clark","36.141875","-115.078742"
"06/19/2023","AQS","320030540","1","0.6","ppb","0","Jerome Mack-NCore","24","100.0000","42401","Sulfur dioxide","600","29820","Las Vegas-Henderson-Paradise, NV","32","Nevada","003","Clark","36.141875","-115.078742"
"06/20/2023","AQS","320030540","1","0.6","ppb","0","Jerome Mack-NCore","24","100.0000","42401","Sulfur dioxide","600","29820","Las Vegas-Henderson-Paradise, NV","32","Nevada","003","Clark","36.141875","-115.078742"
"06/21/2023","AQS","320030540","1","0.8","ppb","0","Jerome Mack-NCore","24","100.0000","42401","Sulfur dioxide","600","29820","Las Vegas-Henderson-Paradise, NV","32","Nevada","003","Clark","36.141875","-115.078742"
"06/22/2023","AQS","320030540","1","0.9","ppb","0","Jerome Mack-NCore","24","100.0000","42401","Sulfur dioxide","600","29820","Las Vegas-Henderson-Paradise, NV","32","Nevada","003","Clark","36.141875","-115.078742"
"06/23/2023","AQS","320030540","1","0.6","ppb","0","Jerome Mack-NCore","22","92.0000","42401","Sulfur dioxide","600","29820","Las Vegas-Henderson-Paradise, NV","32","Nevada","003","Clark","36.141875","-115.078742"
"06/24/2023","AQS","320030540","1","0.6","ppb","0","Jerome Mack-NCore","24","100.0000","42401","Sulfur dioxide","600","29820","Las Vegas-Henderson-Paradise, NV","32","Nevada","003","Clark","36.141875","-115.078742"
"06/25/2023","AQS","320030540","1","0.9","ppb","0","Jerome Mack-NCore","22","92.0000","42401","Sulfur dioxide","600","29820","Las Vegas-Henderson-Paradise, NV","32","Nevada","003","Clark","36.141875","-115.078742"
"06/26/2023","AQS","320030540","1","0.6","ppb","0","Jerome Mack-NCore","24","100.0000","42401","Sulfur dioxide","600","29820","Las Vegas-Henderson-Paradise, NV","32","Nevada","003","Clark","36.141875","-115.078742"
"06/27/2023","AQS","320030540","1","0.7","ppb","0","Jerome Mack-NCore","24","100.0000","42401","Sulfur dioxide","600","29820","Las Vegas-Henderson-Paradise, NV","32","Nevada","003","Clark","36.141875","-115.078742"
"06/28/2023","AQS","320030540","1","0.8","ppb","0","Jerome Mack-NCore","24","100.0000","42401","Sulfur dioxide","600","29820","Las Vegas-Henderson-Paradise, NV","32","Nevada","003","Clark","36.141875","-115.078742"
"06/29/2023","AQS","320030540","1","0.8","ppb","0","Jerome Mack-NCore","24","100.0000","42401","Sulfur dioxide","600","29820","Las Vegas-Henderson-Paradise, NV","32","Nevada","003","Clark","36.141875","-115.078742"
"06/30/2023","AQS","320030540","1","0.9","ppb","0","Jerome Mack-NCore","24","100.0000","42401","Sulfur dioxide","600","29820","Las Vegas-Henderson-Paradise, NV","32","Nevada","003","Clark","36.141875","-115.078742"
"07/01/2023","AQS","320030540","1","0.9","ppb","0","Jerome Mack-NCore","24","100.0000","42401","Sulfur dioxide","600","29820","Las Vegas-Henderson-Paradise, NV","32","Nevada","003","Clark","36.141875","-115.078742"
"07/02/2023","AQS","320030540","1","0.9","ppb","0","Jerome Mack-NCore","22","92.0000","42401","Sulfur dioxide","600","29820","Las Vegas-Henderson-Paradise, NV","32","Nevada","003","Clark","36.141875","-115.078742"
"07/07/2023","AQS","320030540","1","0.6","ppb","0","Jerome Mack-NCore","24","100.0000","42401","Sulfur dioxide","600","29820","Las Vegas-Henderson-Paradise, NV","32","Nevada","003","Clark","36.141875","-115.078742"
"07/08/2023","AQS","320030540","1","0.4","ppb","0","Jerome Mack-NCore","24","100.0000","42401","Sulfur dioxide","600","29820","Las Vegas-Henderson-Paradise, NV","32","Nevada","003","Clark","36.141875","-115.078742"
"07/09/2023","AQS","320030540","1","0.5","ppb","0","Jerome Mack-NCore","22","92.0000","42401","Sulfur dioxide","600","29820","Las Vegas-Henderson-Paradise, NV","32","Nevada","003","Clark","36.141875","-115.078742"
"07/10/2023","AQS","320030540","1","0.6","ppb","0","Jerome Mack-NCore","24","100.0000","42401","Sulfur dioxide","600","29820","Las Vegas-Henderson-Paradise, NV","32","Nevada","003","Clark","36.141875","-115.078742"
"07/11/2023","AQS","320030540","1","0.7","ppb","0","Jerome Mack-NCore","24","100.0000","42401","Sulfur dioxide","600","29820","Las Vegas-Henderson-Paradise, NV","32","Nevada","003","Clark","36.141875","-115.078742"
"07/12/2023","AQS","320030540","1","0.1","ppb","0","Jerome Mack-NCore","24","100.0000","42401","Sulfur dioxide","600","29820","Las Vegas-Henderson-Paradise, NV","32","Nevada","003","Clark","36.141875","-115.078742"
"07/13/2023","AQS","320030540","1","0.8","ppb","0","Jerome Mack-NCore","24","100.0000","42401","Sulfur dioxide","600","29820","Las Vegas-Henderson-Paradise, NV","32","Nevada","003","Clark","36.141875","-115.078742"
"07/14/2023","AQS","320030540","1","0.5","ppb","0","Jerome Mack-NCore","24","100.0000","42401","Sulfur dioxide","600","29820","Las Vegas-Henderson-Paradise, NV","32","Nevada","003","Clark","36.141875","-115.078742"
"07/15/2023","AQS","320030540","1","0.6","ppb","0","Jerome Mack-NCore","24","100.0000","42401","Sulfur dioxide","600","29820","Las Vegas-Henderson-Paradise, NV","32","Nevada","003","Clark","36.141875","-115.078742"
"07/16/2023","AQS","320030540","1","0.3","ppb","0","Jerome Mack-NCore","22","92.0000","42401","Sulfur dioxide","600","29820","Las Vegas-Henderson-Paradise, NV","32","Nevada","003","Clark","36.141875","-115.078742"
"07/17/2023","AQS","320030540","1","0.4","ppb","0","Jerome Mack-NCore","24","100.0000","42401","Sulfur dioxide","600","29820","Las Vegas-Henderson-Paradise, NV","32","Nevada","003","Clark","36.141875","-115.078742"
"07/18/2023","AQS","320030540","1","0","ppb","0","Jerome Mack-NCore","24","100.0000","42401","Sulfur dioxide","600","29820","Las Vegas-Henderson-Paradise, NV","32","Nevada","003","Clark","36.141875","-115.078742"
"07/19/2023","AQS","320030540","1","0.2","ppb","0","Jerome Mack-NCore","24","100.0000","42401","Sulfur dioxide","600","29820","Las Vegas-Henderson-Paradise, NV","32","Nevada","003","Clark","36.141875","-115.078742"
"07/20/2023","AQS","320030540","1","0.6","ppb","0","Jerome Mack-NCore","24","100.0000","42401","Sulfur dioxide","600","29820","Las Vegas-Henderson-Paradise, NV","32","Nevada","003","Clark","36.141875","-115.078742"
"07/21/2023","AQS","320030540","1","0.9","ppb","0","Jerome Mack-NCore","19","79.0000","42401","Sulfur dioxide","600","29820","Las Vegas-Henderson-Paradise, NV","32","Nevada","003","Clark","36.141875","-115.078742"
"07/23/2023","AQS","320030540","1","0.4","ppb","0","Jerome Mack-NCore","18","75.0000","42401","Sulfur dioxide","600","29820","Las Vegas-Henderson-Paradise, NV","32","Nevada","003","Clark","36.141875","-115.078742"
"07/24/2023","AQS","320030540","1","0.4","ppb","0","Jerome Mack-NCore","24","100.0000","42401","Sulfur dioxide","600","29820","Las Vegas-Henderson-Paradise, NV","32","Nevada","003","Clark","36.141875","-115.078742"
"07/25/2023","AQS","320030540","1","0.4","ppb","0","Jerome Mack-NCore","24","100.0000","42401","Sulfur dioxide","600","29820","Las Vegas-Henderson-Paradise, NV","32","Nevada","003","Clark","36.141875","-115.078742"
"07/26/2023","AQS","320030540","1","0.5","ppb","0","Jerome Mack-NCore","24","100.0000","42401","Sulfur dioxide","600","29820","Las Vegas-Henderson-Paradise, NV","32","Nevada","003","Clark","36.141875","-115.078742"
"07/27/2023","AQS","320030540","1","0.5","ppb","0","Jerome Mack-NCore","24","100.0000","42401","Sulfur dioxide","600","29820","Las Vegas-Henderson-Paradise, NV","32","Nevada","003","Clark","36.141875","-115.078742"
"07/28/2023","AQS","320030540","1","1.1","ppb","1","Jerome Mack-NCore","24","100.0000","42401","Sulfur dioxide","600","29820","Las Vegas-Henderson-Paradise, NV","32","Nevada","003","Clark","36.141875","-115.078742"
"07/29/2023","AQS","320030540","1","0.2","ppb","0","Jerome Mack-NCore","24","100.0000","42401","Sulfur dioxide","600","29820","Las Vegas-Henderson-Paradise, NV","32","Nevada","003","Clark","36.141875","-115.078742"
"07/30/2023","AQS","320030540","1","0.9","ppb","0","Jerome Mack-NCore","22","92.0000","42401","Sulfur dioxide","600","29820","Las Vegas-Henderson-Paradise, NV","32","Nevada","003","Clark","36.141875","-115.078742"
"07/31/2023","AQS","320030540","1","0.6","ppb","0","Jerome Mack-NCore","24","100.0000","42401","Sulfur dioxide","600","29820","Las Vegas-Henderson-Paradise, NV","32","Nevada","003","Clark","36.141875","-115.078742"
"08/01/2023","AQS","320030540","1","0","ppb","0","Jerome Mack-NCore","24","100.0000","42401","Sulfur dioxide","600","29820","Las Vegas-Henderson-Paradise, NV","32","Nevada","003","Clark","36.141875","-115.078742"
"08/02/2023","AQS","320030540","1","0","ppb","0","Jerome Mack-NCore","24","100.0000","42401","Sulfur dioxide","600","29820","Las Vegas-Henderson-Paradise, NV","32","Nevada","003","Clark","36.141875","-115.078742"
"08/03/2023","AQS","320030540","1","0.7","ppb","0","Jerome Mack-NCore","24","100.0000","42401","Sulfur dioxide","600","29820","Las Vegas-Henderson-Paradise, NV","32","Nevada","003","Clark","36.141875","-115.078742"
"08/04/2023","AQS","320030540","1","0.5","ppb","0","Jerome Mack-NCore","24","100.0000","42401","Sulfur dioxide","600","29820","Las Vegas-Henderson-Paradise, NV","32","Nevada","003","Clark","36.141875","-115.078742"
"08/05/2023","AQS","320030540","1","0.3","ppb","0","Jerome Mack-NCore","24","100.0000","42401","Sulfur dioxide","600","29820","Las Vegas-Henderson-Paradise, NV","32","Nevada","003","Clark","36.141875","-115.078742"
"08/06/2023","AQS","320030540","1","0.1","ppb","0","Jerome Mack-NCore","22","92.0000","42401","Sulfur dioxide","600","29820","Las Vegas-Henderson-Paradise, NV","32","Nevada","003","Clark","36.141875","-115.078742"
"08/07/2023","AQS","320030540","1","0.1","ppb","0","Jerome Mack-NCore","24","100.0000","42401","Sulfur dioxide","600","29820","Las Vegas-Henderson-Paradise, NV","32","Nevada","003","Clark","36.141875","-115.078742"
"08/08/2023","AQS","320030540","1","0","ppb","0","Jerome Mack-NCore","24","100.0000","42401","Sulfur dioxide","600","29820","Las Vegas-Henderson-Paradise, NV","32","Nevada","003","Clark","36.141875","-115.078742"
"08/09/2023","AQS","320030540","1","0.2","ppb","0","Jerome Mack-NCore","19","79.0000","42401","Sulfur dioxide","600","29820","Las Vegas-Henderson-Paradise, NV","32","Nevada","003","Clark","36.141875","-115.078742"
"08/10/2023","AQS","320030540","1","0.8","ppb","0","Jerome Mack-NCore","24","100.0000","42401","Sulfur dioxide","600","29820","Las Vegas-Henderson-Paradise, NV","32","Nevada","003","Clark","36.141875","-115.078742"
"08/11/2023","AQS","320030540","1","0.3","ppb","0","Jerome Mack-NCore","24","100.0000","42401","Sulfur dioxide","600","29820","Las Vegas-Henderson-Paradise, NV","32","Nevada","003","Clark","36.141875","-115.078742"
"08/12/2023","AQS","320030540","1","0.7","ppb","0","Jerome Mack-NCore","24","100.0000","42401","Sulfur dioxide","600","29820","Las Vegas-Henderson-Paradise, NV","32","Nevada","003","Clark","36.141875","-115.078742"
"08/13/2023","AQS","320030540","1","0.3","ppb","0","Jerome Mack-NCore","22","92.0000","42401","Sulfur dioxide","600","29820","Las Vegas-Henderson-Paradise, NV","32","Nevada","003","Clark","36.141875","-115.078742"
"08/14/2023","AQS","320030540","1","0.5","ppb","0","Jerome Mack-NCore","24","100.0000","42401","Sulfur dioxide","600","29820","Las Vegas-Henderson-Paradise, NV","32","Nevada","003","Clark","36.141875","-115.078742"
"08/15/2023","AQS","320030540","1","0.6","ppb","0","Jerome Mack-NCore","24","100.0000","42401","Sulfur dioxide","600","29820","Las Vegas-Henderson-Paradise, NV","32","Nevada","003","Clark","36.141875","-115.078742"
"08/16/2023","AQS","320030540","1","0.5","ppb","0","Jerome Mack-NCore","24","100.0000","42401","Sulfur dioxide","600","29820","Las Vegas-Henderson-Paradise, NV","32","Nevada","003","Clark","36.141875","-115.078742"
"08/17/2023","AQS","320030540","1","0.8","ppb","0","Jerome Mack-NCore","24","100.0000","42401","Sulfur dioxide","600","29820","Las Vegas-Henderson-Paradise, NV","32","Nevada","003","Clark","36.141875","-115.078742"
"08/18/2023","AQS","320030540","1","0.1","ppb","0","Jerome Mack-NCore","24","100.0000","42401","Sulfur dioxide","600","29820","Las Vegas-Henderson-Paradise, NV","32","Nevada","003","Clark","36.141875","-115.078742"
"08/19/2023","AQS","320030540","1","0","ppb","0","Jerome Mack-NCore","24","100.0000","42401","Sulfur dioxide","600","29820","Las Vegas-Henderson-Paradise, NV","32","Nevada","003","Clark","36.141875","-115.078742"
"08/20/2023","AQS","320030540","1","0.1","ppb","0","Jerome Mack-NCore","22","92.0000","42401","Sulfur dioxide","600","29820","Las Vegas-Henderson-Paradise, NV","32","Nevada","003","Clark","36.141875","-115.078742"
"08/21/2023","AQS","320030540","1","0.1","ppb","0","Jerome Mack-NCore","24","100.0000","42401","Sulfur dioxide","600","29820","Las Vegas-Henderson-Paradise, NV","32","Nevada","003","Clark","36.141875","-115.078742"
"08/22/2023","AQS","320030540","1","0.1","ppb","0","Jerome Mack-NCore","24","100.0000","42401","Sulfur dioxide","600","29820","Las Vegas-Henderson-Paradise, NV","32","Nevada","003","Clark","36.141875","-115.078742"
"08/23/2023","AQS","320030540","1","0.1","ppb","0","Jerome Mack-NCore","24","100.0000","42401","Sulfur dioxide","600","29820","Las Vegas-Henderson-Paradise, NV","32","Nevada","003","Clark","36.141875","-115.078742"
"08/24/2023","AQS","320030540","1","0.2","ppb","0","Jerome Mack-NCore","24","100.0000","42401","Sulfur dioxide","600","29820","Las Vegas-Henderson-Paradise, NV","32","Nevada","003","Clark","36.141875","-115.078742"
"08/25/2023","AQS","320030540","1","0.7","ppb","0","Jerome Mack-NCore","24","100.0000","42401","Sulfur dioxide","600","29820","Las Vegas-Henderson-Paradise, NV","32","Nevada","003","Clark","36.141875","-115.078742"
"08/26/2023","AQS","320030540","1","0.5","ppb","0","Jerome Mack-NCore","24","100.0000","42401","Sulfur dioxide","600","29820","Las Vegas-Henderson-Paradise, NV","32","Nevada","003","Clark","36.141875","-115.078742"
"08/27/2023","AQS","320030540","1","0.4","ppb","0","Jerome Mack-NCore","22","92.0000","42401","Sulfur dioxide","600","29820","Las Vegas-Henderson-Paradise, NV","32","Nevada","003","Clark","36.141875","-115.078742"
"08/28/2023","AQS","320030540","1","0.3","ppb","0","Jerome Mack-NCore","24","100.0000","42401","Sulfur dioxide","600","29820","Las Vegas-Henderson-Paradise, NV","32","Nevada","003","Clark","36.141875","-115.078742"
"08/29/2023","AQS","320030540","1","1","ppb","1","Jerome Mack-NCore","24","100.0000","42401","Sulfur dioxide","600","29820","Las Vegas-Henderson-Paradise, NV","32","Nevada","003","Clark","36.141875","-115.078742"
"08/30/2023","AQS","320030540","1","0.9","ppb","0","Jerome Mack-NCore","24","100.0000","42401","Sulfur dioxide","600","29820","Las Vegas-Henderson-Paradise, NV","32","Nevada","003","Clark","36.141875","-115.078742"
"08/31/2023","AQS","320030540","1","0.5","ppb","0","Jerome Mack-NCore","24","100.0000","42401","Sulfur dioxide","600","29820","Las Vegas-Henderson-Paradise, NV","32","Nevada","003","Clark","36.141875","-115.078742"
"09/01/2023","AQS","320030540","1","0.1","ppb","0","Jerome Mack-NCore","24","100.0000","42401","Sulfur dioxide","600","29820","Las Vegas-Henderson-Paradise, NV","32","Nevada","003","Clark","36.141875","-115.078742"
"09/02/2023","AQS","320030540","1","0.2","ppb","0","Jerome Mack-NCore","24","100.0000","42401","Sulfur dioxide","600","29820","Las Vegas-Henderson-Paradise, NV","32","Nevada","003","Clark","36.141875","-115.078742"
"09/03/2023","AQS","320030540","1","0.2","ppb","0","Jerome Mack-NCore","22","92.0000","42401","Sulfur dioxide","600","29820","Las Vegas-Henderson-Paradise, NV","32","Nevada","003","Clark","36.141875","-115.078742"
"09/04/2023","AQS","320030540","1","0.3","ppb","0","Jerome Mack-NCore","24","100.0000","42401","Sulfur dioxide","600","29820","Las Vegas-Henderson-Paradise, NV","32","Nevada","003","Clark","36.141875","-115.078742"
"09/05/2023","AQS","320030540","1","1.1","ppb","1","Jerome Mack-NCore","24","100.0000","42401","Sulfur dioxide","600","29820","Las Vegas-Henderson-Paradise, NV","32","Nevada","003","Clark","36.141875","-115.078742"
"09/06/2023","AQS","320030540","1","1.1","ppb","1","Jerome Mack-NCore","24","100.0000","42401","Sulfur dioxide","600","29820","Las Vegas-Henderson-Paradise, NV","32","Nevada","003","Clark","36.141875","-115.078742"
"09/07/2023","AQS","320030540","1","1.2","ppb","1","Jerome Mack-NCore","24","100.0000","42401","Sulfur dioxide","600","29820","Las Vegas-Henderson-Paradise, NV","32","Nevada","003","Clark","36.141875","-115.078742"
"09/08/2023","AQS","320030540","1","1.3","ppb","1","Jerome Mack-NCore","24","100.0000","42401","Sulfur dioxide","600","29820","Las Vegas-Henderson-Paradise, NV","32","Nevada","003","Clark","36.141875","-115.078742"
"09/09/2023","AQS","320030540","1","0.6","ppb","0","Jerome Mack-NCore","24","100.0000","42401","Sulfur dioxide","600","29820","Las Vegas-Henderson-Paradise, NV","32","Nevada","003","Clark","36.141875","-115.078742"
"09/10/2023","AQS","320030540","1","0.1","ppb","0","Jerome Mack-NCore","22","92.0000","42401","Sulfur dioxide","600","29820","Las Vegas-Henderson-Paradise, NV","32","Nevada","003","Clark","36.141875","-115.078742"
"09/11/2023","AQS","320030540","1","0.4","ppb","0","Jerome Mack-NCore","24","100.0000","42401","Sulfur dioxide","600","29820","Las Vegas-Henderson-Paradise, NV","32","Nevada","003","Clark","36.141875","-115.078742"
"09/12/2023","AQS","320030540","1","0.3","ppb","0","Jerome Mack-NCore","24","100.0000","42401","Sulfur dioxide","600","29820","Las Vegas-Henderson-Paradise, NV","32","Nevada","003","Clark","36.141875","-115.078742"
"09/13/2023","AQS","320030540","1","0.6","ppb","0","Jerome Mack-NCore","24","100.0000","42401","Sulfur dioxide","600","29820","Las Vegas-Henderson-Paradise, NV","32","Nevada","003","Clark","36.141875","-115.078742"
"09/14/2023","AQS","320030540","1","0.2","ppb","0","Jerome Mack-NCore","24","100.0000","42401","Sulfur dioxide","600","29820","Las Vegas-Henderson-Paradise, NV","32","Nevada","003","Clark","36.141875","-115.078742"
"09/15/2023","AQS","320030540","1","0.5","ppb","0","Jerome Mack-NCore","24","100.0000","42401","Sulfur dioxide","600","29820","Las Vegas-Henderson-Paradise, NV","32","Nevada","003","Clark","36.141875","-115.078742"
"09/16/2023","AQS","320030540","1","1.2","ppb","1","Jerome Mack-NCore","24","100.0000","42401","Sulfur dioxide","600","29820","Las Vegas-Henderson-Paradise, NV","32","Nevada","003","Clark","36.141875","-115.078742"
"09/17/2023","AQS","320030540","1","0.6","ppb","0","Jerome Mack-NCore","22","92.0000","42401","Sulfur dioxide","600","29820","Las Vegas-Henderson-Paradise, NV","32","Nevada","003","Clark","36.141875","-115.078742"
"09/18/2023","AQS","320030540","1","1.7","ppb","1","Jerome Mack-NCore","24","100.0000","42401","Sulfur dioxide","600","29820","Las Vegas-Henderson-Paradise, NV","32","Nevada","003","Clark","36.141875","-115.078742"
"09/19/2023","AQS","320030540","1","1.2","ppb","1","Jerome Mack-NCore","24","100.0000","42401","Sulfur dioxide","600","29820","Las Vegas-Henderson-Paradise, NV","32","Nevada","003","Clark","36.141875","-115.078742"
"09/20/2023","AQS","320030540","1","1.2","ppb","1","Jerome Mack-NCore","24","100.0000","42401","Sulfur dioxide","600","29820","Las Vegas-Henderson-Paradise, NV","32","Nevada","003","Clark","36.141875","-115.078742"
"09/21/2023","AQS","320030540","1","0.3","ppb","0","Jerome Mack-NCore","20","83.0000","42401","Sulfur dioxide","600","29820","Las Vegas-Henderson-Paradise, NV","32","Nevada","003","Clark","36.141875","-115.078742"
"09/22/2023","AQS","320030540","1","0.4","ppb","0","Jerome Mack-NCore","24","100.0000","42401","Sulfur dioxide","600","29820","Las Vegas-Henderson-Paradise, NV","32","Nevada","003","Clark","36.141875","-115.078742"
"09/23/2023","AQS","320030540","1","0.3","ppb","0","Jerome Mack-NCore","24","100.0000","42401","Sulfur dioxide","600","29820","Las Vegas-Henderson-Paradise, NV","32","Nevada","003","Clark","36.141875","-115.078742"
"09/24/2023","AQS","320030540","1","0.4","ppb","0","Jerome Mack-NCore","22","92.0000","42401","Sulfur dioxide","600","29820","Las Vegas-Henderson-Paradise, NV","32","Nevada","003","Clark","36.141875","-115.078742"
"09/25/2023","AQS","320030540","1","1","ppb","1","Jerome Mack-NCore","24","100.0000","42401","Sulfur dioxide","600","29820","Las Vegas-Henderson-Paradise, NV","32","Nevada","003","Clark","36.141875","-115.078742"
"09/26/2023","AQS","320030540","1","1.5","ppb","1","Jerome Mack-NCore","24","100.0000","42401","Sulfur dioxide","600","29820","Las Vegas-Henderson-Paradise, NV","32","Nevada","003","Clark","36.141875","-115.078742"
"09/27/2023","AQS","320030540","1","1.6","ppb","1","Jerome Mack-NCore","24","100.0000","42401","Sulfur dioxide","600","29820","Las Vegas-Henderson-Paradise, NV","32","Nevada","003","Clark","36.141875","-115.078742"
"09/28/2023","AQS","320030540","1","1.6","ppb","1","Jerome Mack-NCore","24","100.0000","42401","Sulfur dioxide","600","29820","Las Vegas-Henderson-Paradise, NV","32","Nevada","003","Clark","36.141875","-115.078742"
"09/29/2023","AQS","320030540","1","1.2","ppb","1","Jerome Mack-NCore","24","100.0000","42401","Sulfur dioxide","600","29820","Las Vegas-Henderson-Paradise, NV","32","Nevada","003","Clark","36.141875","-115.078742"
"09/30/2023","AQS","320030540","1","0.2","ppb","0","Jerome Mack-NCore","24","100.0000","42401","Sulfur dioxide","600","29820","Las Vegas-Henderson-Paradise, NV","32","Nevada","003","Clark","36.141875","-115.078742"
"10/01/2023","AQS","320030540","1","0.2","ppb","0","Jerome Mack-NCore","22","92.0000","42401","Sulfur dioxide","600","29820","Las Vegas-Henderson-Paradise, NV","32","Nevada","003","Clark","36.141875","-115.078742"
"10/02/2023","AQS","320030540","1","0.6","ppb","0","Jerome Mack-NCore","24","100.0000","42401","Sulfur dioxide","600","29820","Las Vegas-Henderson-Paradise, NV","32","Nevada","003","Clark","36.141875","-115.078742"
"10/03/2023","AQS","320030540","1","0.6","ppb","0","Jerome Mack-NCore","24","100.0000","42401","Sulfur dioxide","600","29820","Las Vegas-Henderson-Paradise, NV","32","Nevada","003","Clark","36.141875","-115.078742"
"10/04/2023","AQS","320030540","1","0.8","ppb","0","Jerome Mack-NCore","24","100.0000","42401","Sulfur dioxide","600","29820","Las Vegas-Henderson-Paradise, NV","32","Nevada","003","Clark","36.141875","-115.078742"
"10/05/2023","AQS","320030540","1","1.6","ppb","1","Jerome Mack-NCore","23","96.0000","42401","Sulfur dioxide","600","29820","Las Vegas-Henderson-Paradise, NV","32","Nevada","003","Clark","36.141875","-115.078742"
"10/06/2023","AQS","320030540","1","2","ppb","3","Jerome Mack-NCore","24","100.0000","42401","Sulfur dioxide","600","29820","Las Vegas-Henderson-Paradise, NV","32","Nevada","003","Clark","36.141875","-115.078742"
"10/07/2023","AQS","320030540","1","1.4","ppb","1","Jerome Mack-NCore","24","100.0000","42401","Sulfur dioxide","600","29820","Las Vegas-Henderson-Paradise, NV","32","Nevada","003","Clark","36.141875","-115.078742"
"10/10/2023","AQS","320030540","1","0.2","ppb","0","Jerome Mack-NCore","24","100.0000","42401","Sulfur dioxide","600","29820","Las Vegas-Henderson-Paradise, NV","32","Nevada","003","Clark","36.141875","-115.078742"
"10/11/2023","AQS","320030540","1","0.2","ppb","0","Jerome Mack-NCore","20","83.0000","42401","Sulfur dioxide","600","29820","Las Vegas-Henderson-Paradise, NV","32","Nevada","003","Clark","36.141875","-115.078742"
"10/12/2023","AQS","320030540","1","0.1","ppb","0","Jerome Mack-NCore","24","100.0000","42401","Sulfur dioxide","600","29820","Las Vegas-Henderson-Paradise, NV","32","Nevada","003","Clark","36.141875","-115.078742"
"10/13/2023","AQS","320030540","1","1.2","ppb","1","Jerome Mack-NCore","21","88.0000","42401","Sulfur dioxide","600","29820","Las Vegas-Henderson-Paradise, NV","32","Nevada","003","Clark","36.141875","-115.078742"
"10/14/2023","AQS","320030540","1","1.3","ppb","1","Jerome Mack-NCore","24","100.0000","42401","Sulfur dioxide","600","29820","Las Vegas-Henderson-Paradise, NV","32","Nevada","003","Clark","36.141875","-115.078742"
"10/15/2023","AQS","320030540","1","1.2","ppb","1","Jerome Mack-NCore","22","92.0000","42401","Sulfur dioxide","600","29820","Las Vegas-Henderson-Paradise, NV","32","Nevada","003","Clark","36.141875","-115.078742"
"10/16/2023","AQS","320030540","1","2","ppb","3","Jerome Mack-NCore","24","100.0000","42401","Sulfur dioxide","600","29820","Las Vegas-Henderson-Paradise, NV","32","Nevada","003","Clark","36.141875","-115.078742"
"10/17/2023","AQS","320030540","1","1.6","ppb","1","Jerome Mack-NCore","24","100.0000","42401","Sulfur dioxide","600","29820","Las Vegas-Henderson-Paradise, NV","32","Nevada","003","Clark","36.141875","-115.078742"
"10/18/2023","AQS","320030540","1","2.7","ppb","3","Jerome Mack-NCore","24","100.0000","42401","Sulfur dioxide","600","29820","Las Vegas-Henderson-Paradise, NV","32","Nevada","003","Clark","36.141875","-115.078742"
"10/19/2023","AQS","320030540","1","2.7","ppb","3","Jerome Mack-NCore","24","100.0000","42401","Sulfur dioxide","600","29820","Las Vegas-Henderson-Paradise, NV","32","Nevada","003","Clark","36.141875","-115.078742"
"10/20/2023","AQS","320030540","1","2.3","ppb","3","Jerome Mack-NCore","24","100.0000","42401","Sulfur dioxide","600","29820","Las Vegas-Henderson-Paradise, NV","32","Nevada","003","Clark","36.141875","-115.078742"
"10/21/2023","AQS","320030540","1","1.7","ppb","1","Jerome Mack-NCore","24","100.0000","42401","Sulfur dioxide","600","29820","Las Vegas-Henderson-Paradise, NV","32","Nevada","003","Clark","36.141875","-115.078742"
"10/22/2023","AQS","320030540","1","0.7","ppb","0","Jerome Mack-NCore","22","92.0000","42401","Sulfur dioxide","600","29820","Las Vegas-Henderson-Paradise, NV","32","Nevada","003","Clark","36.141875","-115.078742"
"10/23/2023","AQS","320030540","1","0.9","ppb","0","Jerome Mack-NCore","24","100.0000","42401","Sulfur dioxide","600","29820","Las Vegas-Henderson-Paradise, NV","32","Nevada","003","Clark","36.141875","-115.078742"
"10/24/2023","AQS","320030540","1","1.7","ppb","1","Jerome Mack-NCore","24","100.0000","42401","Sulfur dioxide","600","29820","Las Vegas-Henderson-Paradise, NV","32","Nevada","003","Clark","36.141875","-115.078742"
"10/25/2023","AQS","320030540","1","1.3","ppb","1","Jerome Mack-NCore","24","100.0000","42401","Sulfur dioxide","600","29820","Las Vegas-Henderson-Paradise, NV","32","Nevada","003","Clark","36.141875","-115.078742"
"10/26/2023","AQS","320030540","1","0.4","ppb","0","Jerome Mack-NCore","24","100.0000","42401","Sulfur dioxide","600","29820","Las Vegas-Henderson-Paradise, NV","32","Nevada","003","Clark","36.141875","-115.078742"
"10/27/2023","AQS","320030540","1","0.3","ppb","0","Jerome Mack-NCore","24","100.0000","42401","Sulfur dioxide","600","29820","Las Vegas-Henderson-Paradise, NV","32","Nevada","003","Clark","36.141875","-115.078742"
"10/28/2023","AQS","320030540","1","0.1","ppb","0","Jerome Mack-NCore","24","100.0000","42401","Sulfur dioxide","600","29820","Las Vegas-Henderson-Paradise, NV","32","Nevada","003","Clark","36.141875","-115.078742"
"10/29/2023","AQS","320030540","1","-0.1","ppb","0","Jerome Mack-NCore","22","92.0000","42401","Sulfur dioxide","600","29820","Las Vegas-Henderson-Paradise, NV","32","Nevada","003","Clark","36.141875","-115.078742"
"10/30/2023","AQS","320030540","1","1.5","ppb","1","Jerome Mack-NCore","24","100.0000","42401","Sulfur dioxide","600","29820","Las Vegas-Henderson-Paradise, NV","32","Nevada","003","Clark","36.141875","-115.078742"
"10/31/2023","AQS","320030540","1","2","ppb","3","Jerome Mack-NCore","22","92.0000","42401","Sulfur dioxide","600","29820","Las Vegas-Henderson-Paradise, NV","32","Nevada","003","Clark","36.141875","-115.078742"
"11/01/2023","AQS","320030540","1","2.5","ppb","3","Jerome Mack-NCore","24","100.0000","42401","Sulfur dioxide","600","29820","Las Vegas-Henderson-Paradise, NV","32","Nevada","003","Clark","36.141875","-115.078742"
"11/02/2023","AQS","320030540","1","3.2","ppb","4","Jerome Mack-NCore","24","100.0000","42401","Sulfur dioxide","600","29820","Las Vegas-Henderson-Paradise, NV","32","Nevada","003","Clark","36.141875","-115.078742"
"11/03/2023","AQS","320030540","1","3.6","ppb","4","Jerome Mack-NCore","24","100.0000","42401","Sulfur dioxide","600","29820","Las Vegas-Henderson-Paradise, NV","32","Nevada","003","Clark","36.141875","-115.078742"
"11/04/2023","AQS","320030540","1","3.3","ppb","4","Jerome Mack-NCore","24","100.0000","42401","Sulfur dioxide","600","29820","Las Vegas-Henderson-Paradise, NV","32","Nevada","003","Clark","36.141875","-115.078742"
"11/05/2023","AQS","320030540","1","2.6","ppb","3","Jerome Mack-NCore","22","92.0000","42401","Sulfur dioxide","600","29820","Las Vegas-Henderson-Paradise, NV","32","Nevada","003","Clark","36.141875","-115.078742"
"11/06/2023","AQS","320030540","1","2.3","ppb","3","Jerome Mack-NCore","24","100.0000","42401","Sulfur dioxide","600","29820","Las Vegas-Henderson-Paradise, NV","32","Nevada","003","Clark","36.141875","-115.078742"
"11/07/2023","AQS","320030540","1","0.5","ppb","0","Jerome Mack-NCore","24","100.0000","42401","Sulfur dioxide","600","29820","Las Vegas-Henderson-Paradise, NV","32","Nevada","003","Clark","36.141875","-115.078742"
"11/08/2023","AQS","320030540","1","0.1","ppb","0","Jerome Mack-NCore","24","100.0000","42401","Sulfur dioxide","600","29820","Las Vegas-Henderson-Paradise, NV","32","Nevada","003","Clark","36.141875","-115.078742"
"11/09/2023","AQS","320030540","1","1.1","ppb","1","Jerome Mack-NCore","24","100.0000","42401","Sulfur dioxide","600","29820","Las Vegas-Henderson-Paradise, NV","32","Nevada","003","Clark","36.141875","-115.078742"
"11/10/2023","AQS","320030540","1","2.4","ppb","3","Jerome Mack-NCore","24","100.0000","42401","Sulfur dioxide","600","29820","Las Vegas-Henderson-Paradise, NV","32","Nevada","003","Clark","36.141875","-115.078742"
"11/11/2023","AQS","320030540","1","2.7","ppb","3","Jerome Mack-NCore","24","100.0000","42401","Sulfur dioxide","600","29820","Las Vegas-Henderson-Paradise, NV","32","Nevada","003","Clark","36.141875","-115.078742"
"11/12/2023","AQS","320030540","1","3","ppb","4","Jerome Mack-NCore","22","92.0000","42401","Sulfur dioxide","600","29820","Las Vegas-Henderson-Paradise, NV","32","Nevada","003","Clark","36.141875","-115.078742"
"11/13/2023","AQS","320030540","1","3.1","ppb","4","Jerome Mack-NCore","24","100.0000","42401","Sulfur dioxide","600","29820","Las Vegas-Henderson-Paradise, NV","32","Nevada","003","Clark","36.141875","-115.078742"
"11/14/2023","AQS","320030540","1","2.5","ppb","3","Jerome Mack-NCore","24","100.0000","42401","Sulfur dioxide","600","29820","Las Vegas-Henderson-Paradise, NV","32","Nevada","003","Clark","36.141875","-115.078742"
"11/15/2023","AQS","320030540","1","2.1","ppb","3","Jerome Mack-NCore","24","100.0000","42401","Sulfur dioxide","600","29820","Las Vegas-Henderson-Paradise, NV","32","Nevada","003","Clark","36.141875","-115.078742"
"11/16/2023","AQS","320030540","1","0.8","ppb","0","Jerome Mack-NCore","24","100.0000","42401","Sulfur dioxide","600","29820","Las Vegas-Henderson-Paradise, NV","32","Nevada","003","Clark","36.141875","-115.078742"
"11/17/2023","AQS","320030540","1","1.5","ppb","1","Jerome Mack-NCore","22","92.0000","42401","Sulfur dioxide","600","29820","Las Vegas-Henderson-Paradise, NV","32","Nevada","003","Clark","36.141875","-115.078742"
"11/18/2023","AQS","320030540","1","1.9","ppb","1","Jerome Mack-NCore","24","100.0000","42401","Sulfur dioxide","600","29820","Las Vegas-Henderson-Paradise, NV","32","Nevada","003","Clark","36.141875","-115.078742"
"11/19/2023","AQS","320030540","1","0.2","ppb","0","Jerome Mack-NCore","22","92.0000","42401","Sulfur dioxide","600","29820","Las Vegas-Henderson-Paradise, NV","32","Nevada","003","Clark","36.141875","-115.078742"
"11/20/2023","AQS","320030540","1","0.3","ppb","0","Jerome Mack-NCore","21","88.0000","42401","Sulfur dioxide","600","29820","Las Vegas-Henderson-Paradise, NV","32","Nevada","003","Clark","36.141875","-115.078742"
"11/22/2023","AQS","320030540","1","3.3","ppb","4","Jerome Mack-NCore","24","100.0000","42401","Sulfur dioxide","600","29820","Las Vegas-Henderson-Paradise, NV","32","Nevada","003","Clark","36.141875","-115.078742"
"11/23/2023","AQS","320030540","1","2.9","ppb","3","Jerome Mack-NCore","24","100.0000","42401","Sulfur dioxide","600","29820","Las Vegas-Henderson-Paradise, NV","32","Nevada","003","Clark","36.141875","-115.078742"
"11/24/2023","AQS","320030540","1","2.2","ppb","3","Jerome Mack-NCore","24","100.0000","42401","Sulfur dioxide","600","29820","Las Vegas-Henderson-Paradise, NV","32","Nevada","003","Clark","36.141875","-115.078742"
"11/25/2023","AQS","320030540","1","1.4","ppb","1","Jerome Mack-NCore","24","100.0000","42401","Sulfur dioxide","600","29820","Las Vegas-Henderson-Paradise, NV","32","Nevada","003","Clark","36.141875","-115.078742"
"11/26/2023","AQS","320030540","1","1.2","ppb","1","Jerome Mack-NCore","22","92.0000","42401","Sulfur dioxide","600","29820","Las Vegas-Henderson-Paradise, NV","32","Nevada","003","Clark","36.141875","-115.078742"
"11/27/2023","AQS","320030540","1","2.5","ppb","3","Jerome Mack-NCore","23","96.0000","42401","Sulfur dioxide","600","29820","Las Vegas-Henderson-Paradise, NV","32","Nevada","003","Clark","36.141875","-115.078742"
"11/28/2023","AQS","320030540","1","3.2","ppb","4","Jerome Mack-NCore","24","100.0000","42401","Sulfur dioxide","600","29820","Las Vegas-Henderson-Paradise, NV","32","Nevada","003","Clark","36.141875","-115.078742"
"11/29/2023","AQS","320030540","1","3.8","ppb","4","Jerome Mack-NCore","24","100.0000","42401","Sulfur dioxide","600","29820","Las Vegas-Henderson-Paradise, NV","32","Nevada","003","Clark","36.141875","-115.078742"
"11/30/2023","AQS","320030540","1","2.8","ppb","3","Jerome Mack-NCore","24","100.0000","42401","Sulfur dioxide","600","29820","Las Vegas-Henderson-Paradise, NV","32","Nevada","003","Clark","36.141875","-115.078742"
"12/01/2023","AQS","320030540","1","2.4","ppb","3","Jerome Mack-NCore","24","100.0000","42401","Sulfur dioxide","600","29820","Las Vegas-Henderson-Paradise, NV","32","Nevada","003","Clark","36.141875","-115.078742"
"12/02/2023","AQS","320030540","1","2.5","ppb","3","Jerome Mack-NCore","24","100.0000","42401","Sulfur dioxide","600","29820","Las Vegas-Henderson-Paradise, NV","32","Nevada","003","Clark","36.141875","-115.078742"
"12/03/2023","AQS","320030540","1","1.9","ppb","1","Jerome Mack-NCore","22","92.0000","42401","Sulfur dioxide","600","29820","Las Vegas-Henderson-Paradise, NV","32","Nevada","003","Clark","36.141875","-115.078742"
"12/04/2023","AQS","320030540","1","3.7","ppb","4","Jerome Mack-NCore","24","100.0000","42401","Sulfur dioxide","600","29820","Las Vegas-Henderson-Paradise, NV","32","Nevada","003","Clark","36.141875","-115.078742"
"12/05/2023","AQS","320030540","1","3.3","ppb","4","Jerome Mack-NCore","24","100.0000","42401","Sulfur dioxide","600","29820","Las Vegas-Henderson-Paradise, NV","32","Nevada","003","Clark","36.141875","-115.078742"
"12/06/2023","AQS","320030540","1","3.4","ppb","4","Jerome Mack-NCore","24","100.0000","42401","Sulfur dioxide","600","29820","Las Vegas-Henderson-Paradise, NV","32","Nevada","003","Clark","36.141875","-115.078742"
"12/07/2023","AQS","320030540","1","2.8","ppb","3","Jerome Mack-NCore","24","100.0000","42401","Sulfur dioxide","600","29820","Las Vegas-Henderson-Paradise, NV","32","Nevada","003","Clark","36.141875","-115.078742"
"12/08/2023","AQS","320030540","1","0.9","ppb","0","Jerome Mack-NCore","24","100.0000","42401","Sulfur dioxide","600","29820","Las Vegas-Henderson-Paradise, NV","32","Nevada","003","Clark","36.141875","-115.078742"
"12/09/2023","AQS","320030540","1","1","ppb","1","Jerome Mack-NCore","24","100.0000","42401","Sulfur dioxide","600","29820","Las Vegas-Henderson-Paradise, NV","32","Nevada","003","Clark","36.141875","-115.078742"
"12/10/2023","AQS","320030540","1","3.6","ppb","4","Jerome Mack-NCore","22","92.0000","42401","Sulfur dioxide","600","29820","Las Vegas-Henderson-Paradise, NV","32","Nevada","003","Clark","36.141875","-115.078742"
"12/11/2023","AQS","320030540","1","5","ppb","7","Jerome Mack-NCore","24","100.0000","42401","Sulfur dioxide","600","29820","Las Vegas-Henderson-Paradise, NV","32","Nevada","003","Clark","36.141875","-115.078742"
"12/12/2023","AQS","320030540","1","4.7","ppb","6","Jerome Mack-NCore","24","100.0000","42401","Sulfur dioxide","600","29820","Las Vegas-Henderson-Paradise, NV","32","Nevada","003","Clark","36.141875","-115.078742"
"12/13/2023","AQS","320030540","1","1.2","ppb","1","Jerome Mack-NCore","24","100.0000","42401","Sulfur dioxide","600","29820","Las Vegas-Henderson-Paradise, NV","32","Nevada","003","Clark","36.141875","-115.078742"
"12/14/2023","AQS","320030540","1","3.7","ppb","4","Jerome Mack-NCore","24","100.0000","42401","Sulfur dioxide","600","29820","Las Vegas-Henderson-Paradise, NV","32","Nevada","003","Clark","36.141875","-115.078742"
"12/15/2023","AQS","320030540","1","4","ppb","6","Jerome Mack-NCore","24","100.0000","42401","Sulfur dioxide","600","29820","Las Vegas-Henderson-Paradise, NV","32","Nevada","003","Clark","36.141875","-115.078742"
"12/16/2023","AQS","320030540","1","4.5","ppb","6","Jerome Mack-NCore","24","100.0000","42401","Sulfur dioxide","600","29820","Las Vegas-Henderson-Paradise, NV","32","Nevada","003","Clark","36.141875","-115.078742"
"12/17/2023","AQS","320030540","1","3.8","ppb","4","Jerome Mack-NCore","22","92.0000","42401","Sulfur dioxide","600","29820","Las Vegas-Henderson-Paradise, NV","32","Nevada","003","Clark","36.141875","-115.078742"
"12/18/2023","AQS","320030540","1","4","ppb","6","Jerome Mack-NCore","24","100.0000","42401","Sulfur dioxide","600","29820","Las Vegas-Henderson-Paradise, NV","32","Nevada","003","Clark","36.141875","-115.078742"
"12/19/2023","AQS","320030540","1","3.9","ppb","4","Jerome Mack-NCore","24","100.0000","42401","Sulfur dioxide","600","29820","Las Vegas-Henderson-Paradise, NV","32","Nevada","003","Clark","36.141875","-115.078742"
"12/20/2023","AQS","320030540","1","4.5","ppb","6","Jerome Mack-NCore","24","100.0000","42401","Sulfur dioxide","600","29820","Las Vegas-Henderson-Paradise, NV","32","Nevada","003","Clark","36.141875","-115.078742"
"12/21/2023","AQS","320030540","1","2.6","ppb","3","Jerome Mack-NCore","24","100.0000","42401","Sulfur dioxide","600","29820","Las Vegas-Henderson-Paradise, NV","32","Nevada","003","Clark","36.141875","-115.078742"
"12/22/2023","AQS","320030540","1","2.2","ppb","3","Jerome Mack-NCore","24","100.0000","42401","Sulfur dioxide","600","29820","Las Vegas-Henderson-Paradise, NV","32","Nevada","003","Clark","36.141875","-115.078742"
"12/23/2023","AQS","320030540","1","2","ppb","3","Jerome Mack-NCore","24","100.0000","42401","Sulfur dioxide","600","29820","Las Vegas-Henderson-Paradise, NV","32","Nevada","003","Clark","36.141875","-115.078742"
"12/24/2023","AQS","320030540","1","2.5","ppb","3","Jerome Mack-NCore","22","92.0000","42401","Sulfur dioxide","600","29820","Las Vegas-Henderson-Paradise, NV","32","Nevada","003","Clark","36.141875","-115.078742"
"12/25/2023","AQS","320030540","1","2.4","ppb","3","Jerome Mack-NCore","24","100.0000","42401","Sulfur dioxide","600","29820","Las Vegas-Henderson-Paradise, NV","32","Nevada","003","Clark","36.141875","-115.078742"
"12/26/2023","AQS","320030540","1","3.1","ppb","4","Jerome Mack-NCore","24","100.0000","42401","Sulfur dioxide","600","29820","Las Vegas-Henderson-Paradise, NV","32","Nevada","003","Clark","36.141875","-115.078742"
"12/27/2023","AQS","320030540","1","3.4","ppb","4","Jerome Mack-NCore","24","100.0000","42401","Sulfur dioxide","600","29820","Las Vegas-Henderson-Paradise, NV","32","Nevada","003","Clark","36.141875","-115.078742"
"12/28/2023","AQS","320030540","1","3.6","ppb","4","Jerome Mack-NCore","24","100.0000","42401","Sulfur dioxide","600","29820","Las Vegas-Henderson-Paradise, NV","32","Nevada","003","Clark","36.141875","-115.078742"
"12/29/2023","AQS","320030540","1","3.6","ppb","4","Jerome Mack-NCore","24","100.0000","42401","Sulfur dioxide","600","29820","Las Vegas-Henderson-Paradise, NV","32","Nevada","003","Clark","36.141875","-115.078742"
"12/30/2023","AQS","320030540","1","4","ppb","6","Jerome Mack-NCore","24","100.0000","42401","Sulfur dioxide","600","29820","Las Vegas-Henderson-Paradise, NV","32","Nevada","003","Clark","36.141875","-115.078742"
"12/31/2023","AQS","320030540","1","1.1","ppb","1","Jerome Mack-NCore","22","92.0000","42401","Sulfur dioxide","600","29820","Las Vegas-Henderson-Paradise, NV","32","Nevada","003","Clark","36.141875","-115.078742"
